Ensembl Gene ID,Chromosome Name,Gene Size (bp),EntrezGene ID,MIM Gene Accession,HGNC symbol,Gene Set,GRCh38.p7,GRCh37.p13,,Gene Set Key,
ENSG00000143322,1,130357,27,164690,ABL2,F," 1: 179,099,327-179,229,684"," 1: 179,068,462-179,198,819",,A= Vitamin D (Vit D) Pathway,
ENSG00000163568,1,84612,9447,604578,AIM2,B," 1: 159,062,484-159,147,096"," 1: 159,032,274-159,116,886",,B= VDR Targets,
ENSG00000162551,1,69047,249,171760,ALPL,A," 1: 21,509,372-21,578,412"," 1: 21,835,858-21,904,905",,C= Vit D Kidney,
ENSG00000116584,1,49484,9181,607560,ARHGEF2,B," 1: 155,946,851-156,007,070"," 1: 155,916,630-155,976,861",,D= Vit D Bone,
ENSG00000117713,1,86071,8289,603024,ARID1A,F," 1: 26,693,236-26,782,104"," 1: 27,022,524-27,108,595",,E= Vit D Intestine,
ENSG00000054267,1,196585,51742,609696,ARID4B,B," 1: 235,131,634-235,328,219"," 1: 235,294,949-235,491,534",,F= VDR Complex,
ENSG00000242252,1,1359,632,112260,BGLAP,"D, A"," 1: 156,241,962-156,243,321"," 1: 156,211,753-156,213,112",,G= VDR,
ENSG00000117322,1,35665,1380,120650,CR2,B," 1: 207,454,230-207,489,895"," 1: 207,627,575-207,663,240",,H= RXRIP,
ENSG00000163131,1,35882,1520,116845,CTSS,B," 1: 150,730,196-150,765,957"," 1: 150,702,672-150,738,433",,,
ENSG00000117505,1,16704,1810,601482,DR1,F," 1: 93,345,888-93,369,498"," 1: 93,811,445-93,835,055",,,
ENSG00000143507,1,40752,11221,608867,DUSP10,B," 1: 221,701,424-221,742,176"," 1: 221,874,766-221,915,518",,,
ENSG00000117298,1,128257,1889,600423,ECE1,B," 1: 21,217,247-21,345,504"," 1: 21,543,740-21,671,997",,,
ENSG00000183508,1,22438,54855,613952,FAM46C,B," 1: 117,605,934-117,628,372"," 1: 118,148,556-118,170,994",,,
ENSG00000000938,1,23213,2268,164940,FGR,F," 1: 27,612,064-27,635,277"," 1: 27,938,575-27,961,788",,,
ENSG00000143641,1,224334,2590,602274,GALNT2,B," 1: 230,057,990-230,282,124"," 1: 230,193,536-230,417,870",,,
ENSG00000162676,1,12114,2672,600871,GFI1,A," 1: 92,474,762-92,486,876"," 1: 92,940,319-92,952,433",,,
ENSG00000137965,1,14282,10561,610468,IFI44,B," 1: 78,649,796-78,664,078"," 1: 79,115,481-79,129,763",,,
ENSG00000137959,1,22877,10964,613975,IFI44L,B," 1: 78,619,922-78,646,145"," 1: 79,085,607-79,111,830",,,
ENSG00000126709,1,6157,2537,147572,IFI6,B," 1: 27,666,061-27,672,218"," 1: 27,992,572-27,998,729",,,
ENSG00000162434,1,133275,3716,147795,JAK1,F," 1: 64,833,229-64,966,504"," 1: 65,298,912-65,432,187",,,
ENSG00000182866,1,34926,3932,153390,LCK,F," 1: 32,251,239-32,286,165"," 1: 32,716,840-32,751,766",,,
ENSG00000162889,1,49339,9261,602006,MAPKAPK2,B," 1: 206,684,944-206,734,283"," 1: 206,858,289-206,907,628",,,
ENSG00000143384,1,5034,4170,159552,MCL1,B," 1: 150,574,551-150,579,738"," 1: 150,547,032-150,552,066",,,
ENSG00000143674,1,57380,84451,614793,MLK4,B," 1: 233,327,768-233,385,148"," 1: 233,463,514-233,520,894",,,
ENSG00000163386,1,80531,101060202;101060362;101060684,NA,NBPF10,B," 1: 146,064,699-146,144,942 "," 1: 145,289,772-145,370,303",,,
ENSG00000213240,1,82853,388677,NA,NOTCH2NL,B," 1: 146,113,652-146,229,000"," 1: 145,209,119-145,291,972",,,
ENSG00000131910,1,2477,8431,604630,NR0B2,"F, H"," 1: 26,911,489-26,913,966"," 1: 27,237,980-27,240,457",,,
ENSG00000133056,1,72096,5287,602838,PIK3C2B,B," 1: 204,422,628-204,494,724"," 1: 204,391,756-204,463,852",,,
ENSG00000116711,1,160028,5321,600522,PLA2G4A,A," 1: 186,828,953-186,988,981"," 1: 186,798,085-186,958,113",,,
ENSG00000073756,1,8636,5743,600262,PTGS2,A," 1: 186,671,791-186,680,427"," 1: 186,640,923-186,649,559",,,
ENSG00000081237,1,118744,5788,151460,PTPRC,B," 1: 198,638,671-198,757,283"," 1: 198,607,801-198,726,545",,,
ENSG00000143171,1,44274,6258,180247,RXRG,"F, H "," 1: 165,400,917-165,445,355"," 1: 165,370,159-165,414,433",,,
ENSG00000168528,1,25113,347735,614549,SERINC2,B," 1: 31,409,565-31,434,680"," 1: 31,882,412-31,907,525",,,
ENSG00000117090,1,39195,6504,603492,SLAMF1,B," 1: 160,608,100-160,647,295"," 1: 160,577,890-160,617,085",,,
ENSG00000117394,1,33478,6513,138140,SLC2A1,A," 1: 42,925,375-42,959,173"," 1: 43,391,052-43,424,530",,,
ENSG00000152382,1,19817,117143,612763,TADA1,F," 1: 166,856,510-166,876,327"," 1: 166,825,747-166,845,564",,,
ENSG00000120656,1,53762,6883,600773,TAF12,F," 1: 28,589,323-28,643,085"," 1: 28,915,835-28,969,597",,,
ENSG00000197780,1,13516,6884,600774,TAF13,F," 1: 109,062,486-109,076,002"," 1: 109,605,108-109,618,624",,,
ENSG00000135801,1,32936,27097,NA,TAF5L,F," 1: 229,593,111-229,626,047"," 1: 229,728,858-229,761,794",,,
ENSG00000092969,1,98384,7042,190220,TGFB2,A," 1: 218,346,235-218,444,619"," 1: 218,519,577-218,617,961",,,
ENSG00000130775,1,14141,9473,NA,THEMIS2,B," 1: 27,872,543-27,886,685"," 1: 28,199,055-28,213,196",,,
ENSG00000054118,1,80941,9967,603809,THRAP3,"F, G, A "," 1: 36,224,416-36,305,357"," 1: 36,690,017-36,770,958",,,
ENSG00000117586,1,23579,7292,603594,TNFSF4,B," 1: 173,183,734-173,207,313"," 1: 173,152,873-173,176,452",,,
ENSG00000009790,1,26291,80342,608255,TRAF3IP3,B," 1: 209,756,032-209,782,320"," 1: 209,929,377-209,955,668",,,
ENSG00000143569,1,51331,9898,NA,UBAP2L,F," 1: 154,220,179-154,271,510"," 1: 154,192,655-154,243,986",,,
ENSG00000143494,1,41517,79805,610471,VASH2,B," 1: 212,950,520-212,992,037"," 1: 213,123,862-213,165,379",,,
ENSG00000036549,1,121003,26009,NA,ZZZ3,F," 1: 77,562,416-77,683,419"," 1: 78,028,101-78,149,104",,,
ENSG00000123983,2,83705,2181,602371,ACSL3,B," 2: 222,860,934-222,944,639"," 2: 223,725,652-223,809,357",,,
ENSG00000163295,2,3909,248,171740,ALPI,E," 2: 232,456,123-232,460,032"," 2: 233,320,833-233,324,742",,,
ENSG00000135932,2,108230,51719,612174,CAB39,B," 2: 230,712,845-230,821,075"," 2: 231,577,560-231,685,790",,,
ENSG00000003402,2,48206,8837,603599,CFLAR,B," 2: 201,116,104-201,176,687"," 2: 201,980,827-202,041,410",,,
ENSG00000013441,2,11690,1195,601951,CLK1,F," 2: 200,853,009-200,864,744"," 2: 201,717,732-201,729,422",,,
ENSG00000121966,2,3816,7852,162643,CXCR4,B," 2: 136,114,349-136,118,165"," 2: 136,871,919-136,875,735",,,
ENSG00000003137,2,18800,56603,605207,CYP26B1,A," 2: 72,129,238-72,148,038"," 2: 72,356,367-72,375,167",,,
ENSG00000135929,2,33544,1593,606530,CYP27A1,A," 2: 218,781,749-218,815,293"," 2: 219,646,472-219,680,016",,,
ENSG00000055332,2,57855,5610,176871,EIF2AK2,F," 2: 37,099,210-37,157,065"," 2: 37,326,353-37,384,208",,,
ENSG00000135968,2,60854,9648,612711,GCC2,B," 2: 108,448,561-108,509,415"," 2: 109,065,017-109,125,871",,,
ENSG00000115267,2,51624,64135,606951,IFIH1,B," 2: 162,267,079-162,318,703"," 2: 163,123,589-163,175,213",,,
ENSG00000125538,2,7152,3553,147720,IL1B,A," 2: 112,829,751-112,836,903"," 2: 113,587,328-113,594,480",,,
ENSG00000125629,2,22545,51141,608660,INSIG2,B," 2: 118,088,452-118,110,997"," 2: 118,846,028-118,868,573",,,
ENSG00000135916,2,14609,81618,609554,ITM2C,B," 2: 230,864,639-230,879,248"," 2: 231,729,354-231,743,963",,,
ENSG00000115548,2,52069,55818,611512,KDM3A,B," 2: 86,440,647-86,492,716"," 2: 86,667,770-86,719,839",,,
ENSG00000081479,2,235576,4036,600073,LRP2,A," 2: 169,127,109-169,362,685"," 2: 169,983,619-170,219,195",,,
ENSG00000054219,2,132898,4065;100526664,604524,LY75,B," 2: 159,803,355-159,904,749"," 2: 160,628,362-160,761,260",,,
ENSG00000084676,2,278788,8648,602691,NCOA1,F," 2: 24,491,914-24,770,702"," 2: 24,714,783-24,993,571",,,
ENSG00000123609,2,19592,9111,603525,NMI,B," 2: 151,270,465-151,290,057"," 2: 152,126,979-152,146,571",,,
ENSG00000115350,2,11636,56655,607269,POLE4,F," 2: 74,958,492-74,970,128"," 2: 75,185,619-75,197,255",,,
ENSG00000134321,2,32433,91543,607810,RSAD2,B," 2: 6,865,806-6,898,239"," 2: 7,005,937-7,038,370",,,
ENSG00000136715,2,86903,79595,609697,SAP130,F," 2: 127,941,217-128,028,120"," 2: 128,698,791-128,785,694",,,
ENSG00000183023,2,498907,6546,182305,SLC8A1,C," 2: 40,097,270-40,611,053"," 2: 40,324,410-40,838,193",,,
ENSG00000138375,2,70639,50485,606622,SMARCAL1,F," 2: 216,412,414-216,483,053"," 2: 217,277,137-217,347,776",,,
ENSG00000067066,2,128148,6672,604585,SP100,B," 2: 230,415,942-230,544,090"," 2: 231,280,657-231,408,805",,,
ENSG00000135899,2,58435,3431,604457,SP110,B," 2: 230,167,293-230,225,729"," 2: 231,032,009-231,090,444",,,
ENSG00000079263,2,133317,11262,608602,SP140,B," 2: 230,203,110-230,313,215"," 2: 231,067,826-231,223,762",,,
ENSG00000115661,2,4882,8576,604719,STK16,F," 2: 219,245,455-219,250,337"," 2: 220,110,177-220,115,059",,,
ENSG00000119760,2,12997,9913,612762,SUPT7L,F," 2: 27,650,812-27,663,840"," 2: 27,873,679-27,886,676",,,
ENSG00000115085,2,26302,7535,176947,ZAP70,F," 2: 97,713,560-97,739,862"," 2: 98,330,023-98,356,325",,,
ENSG00000136518,3,25528,86,604958,ACTL6A,F," 3: 179,562,880-179,588,408"," 3: 179,280,668-179,306,196",,,
ENSG00000186265,3,35593,151888,607925,BTLA,B," 3: 112,463,968-112,499,561"," 3: 112,182,815-112,218,408",,,
ENSG00000164047,3,2144,820,600474,CAMP,B," 3: 48,223,347-48,225,491"," 3: 48,264,837-48,266,981",,,
ENSG00000036828,3,102812,846,601199,CASR,C," 3: 122,184,334-122,286,497"," 3: 121,902,530-122,005,342",,,
ENSG00000091972,3,29744,4345,155970,CD200,B," 3: 112,332,347-112,362,812"," 3: 112,051,194-112,081,659",,,
ENSG00000196776,3,47727,961,601028,CD47,B," 3: 108,043,298-108,091,025"," 3: 107,762,145-107,809,872",,,
ENSG00000121594,3,35309,941,112203,CD80,B," 3: 119,524,293-119,559,602"," 3: 119,243,140-119,278,449",,,
ENSG00000114013,3,65770,942,601020,CD86,B," 3: 122,055,366-122,121,139"," 3: 121,774,213-121,839,983",,,
ENSG00000170275,3,29682,10491;100653071 ,605497,CRTAP,B," 3: 33,113,979-33,147,773"," 3: 33,155,471-33,189,265",,,
ENSG00000170266,3,100622,2720,611458,GLB1,B," 3: 32,996,608-33,097,230"," 3: 33,038,100-33,138,722",,,
ENSG00000071794,3,56427,6596,603257,HLTF,F," 3: 149,030,127-149,086,554"," 3: 148,747,914-148,804,341",,,
ENSG00000056736,3,19220,55540,605458,IL17RB,B," 3: 53,846,580-53,865,800"," 3: 53,880,607-53,899,827",,,
ENSG00000144711,3,175898,9922,610166,IQSEC1,B," 3: 12,897,220-13,073,117"," 3: 12,938,719-13,114,617",,,
ENSG00000134070,3,78878,3656,603304,IRAK2,B," 3: 10,164,865-10,243,743"," 3: 10,206,549-10,285,427",,,
ENSG00000114166,3,114381,8850,602303,KAT2B,"F, B "," 3: 20,040,023-20,154,404"," 3: 20,081,515-20,195,896",,,
ENSG00000078081,3,41626,27074,605883,LAMP3,B," 3: 183,122,213-183,163,839"," 3: 182,840,001-182,881,627",,,
ENSG00000197885,3,54931,28512,604496,NKIRAS1,B," 3: 23,891,660-23,946,591"," 3: 23,933,151-23,988,082",,,
ENSG00000090097,3,16562,57060,608503,PCBP4,F," 3: 51,957,454-51,974,016"," 3: 51,991,470-52,002,426",,,
ENSG00000121879,3,91979,5290,171834,PIK3CA,B," 3: 179,148,114-179,240,093"," 3: 178,865,902-178,957,881",,,
ENSG00000132170,3,146988,5468,601487,PPARG,"F, H"," 3: 12,287,368-12,434,356"," 3: 12,328,867-12,475,855",,,
ENSG00000184203,3,28988,5504,601792,PPP1R2,B," 3: 195,514,425-195,543,386"," 3: 195,241,221-195,270,209",,,
ENSG00000163932,3,36708,5580,176977,PRKCD,F," 3: 53,156,009-53,192,717"," 3: 53,190,025-53,226,733",,,
ENSG00000178537,3,42057,788,613698,SLC25A20,B," 3: 48,856,931-48,898,993"," 3: 48,894,369-48,936,426",,,
ENSG00000173473,3,196834,6599,601732,SMARCC1,F," 3: 47,585,272-47,782,106"," 3: 47,626,762-47,823,596",,,
ENSG00000171148,3,13151,10474,602945,TADA3,F," 3: 9,779,860-9,793,011"," 3: 9,821,544-9,834,695",,,
ENSG00000061938,3,48581,10188,606994,TNK2,F," 3: 195,863,364-195,911,945"," 3: 195,590,235-195,638,816",,,
ENSG00000077097,3,66923,7155,126431,TOP2B,F," 3: 25,597,905-25,664,939"," 3: 25,639,475-25,706,398",,,
ENSG00000170142,3,85413,7324,602916,UBE2E1,B," 3: 23,805,903-23,891,316"," 3: 23,847,394-23,932,807",,,
ENSG00000134086,3,11212,7428,608537,VHL,B," 3: 10,141,008-10,152,220"," 3: 10,182,692-10,193,904",,,
ENSG00000114127,3,141455,54464,607994,XRN1,B," 3: 142,306,607-142,448,062"," 3: 142,025,449-142,166,904",,,
ENSG00000163872,3,114807,55689,613373,YEATS2,F," 3: 183,697,818-183,812,625"," 3: 183,415,606-183,530,413",,,
ENSG00000164048,3,58153,51385,NA,ZNF589,B," 3: 48,241,100-48,299,253"," 3: 48,282,590-48,340,743",,,
ENSG00000151726,4,71223,2180,152425,ACSL1,B," 4: 184,755,595-184,826,818"," 4: 185,676,749-185,747,972",,,
ENSG00000004468,4,71171,952,107270,CD38,B," 4: 15,778,275-15,853,230"," 4: 15,779,898-15,854,853",,,
ENSG00000169245,4,2377,3627,147310,CXCL10,A," 4: 76,021,117-76,023,497"," 4: 76,942,273-76,944,650",,,
ENSG00000181381,4,181051,91351,NA,DDX60L,B," 4: 168,356,735-168,537,786"," 4: 169,277,886-169,458,937",,,
ENSG00000152592,4,14054,1758,600980,DMP1,D," 4: 87,650,307-87,664,361"," 4: 88,571,459-88,585,513",,,
ENSG00000151247,4,58953,1977,133440,EIF4E,F," 4: 98,871,684-98,930,637"," 4: 99,792,835-99,851,788",,,
ENSG00000170522,4,153353,79071,611546,ELOVL6,B," 4: 110,045,846-110,199,199"," 4: 110,967,002-111,120,355",,,
ENSG00000109670,4,214843,55294,606278,FBXW7,B," 4: 152,321,259-152,536,101"," 4: 153,242,410-153,457,253",,,
ENSG00000068078,4,15565,2261,134934,FGFR3,C," 4: 1,793,307-1,808,872"," 4: 1,795,034-1,810,599",,,
ENSG00000145321,4,62348,2638,139200,GC,A," 4: 71,741,693-71,804,041"," 4: 72,607,410-72,669,758",,,
ENSG00000164136,4,97388,3600,600554,IL15,A," 4: 141,636,599-141,733,987"," 4: 142,557,752-142,655,140",,,
ENSG00000134962,4,44683,152831,611135,KLB,C," 4: 39,406,853-39,451,536"," 4: 39,408,473-39,453,156",,,
ENSG00000052802,4,15537,6307,607545,MSMO1,B," 4: 165,327,623-165,343,160"," 4: 166,248,775-166,264,312",,,
ENSG00000109320,4,115973,4790,164011,NFKB1,A," 4: 102,501,329-102,617,302"," 4: 103,422,486-103,538,459",,,
ENSG00000138760,4,55156,950,602257,SCARB2,B," 4: 76,158,737-76,213,893"," 4: 77,079,890-77,135,046",,,
ENSG00000153147,4,44023,8467,603375,SMARCA5,F," 4: 143,513,463-143,557,486"," 4: 144,434,616-144,478,639",,,
ENSG00000163104,4,83681,56916,612761,SMARCAD1,F," 4: 94,207,611-94,291,292"," 4: 95,128,762-95,212,443",,,
ENSG00000118785,4,7743,6696,166490,SPP1,"D, A"," 4: 87,975,650-87,983,426"," 4: 88,896,819-88,904,562",,,
ENSG00000173011,4,14742,93624,608790,TADA2B,F," 4: 7,041,899-7,057,952"," 4: 7,043,626-7,059,679",,,
ENSG00000135605,4,134081,7006,600583,TEC,F," 4: 48,135,783-48,269,864"," 4: 48,137,800-48,271,881",,,
ENSG00000145365,4,10276,92610,609028,TIFA,B," 4: 112,274,542-112,285,903"," 4: 113,195,698-113,207,059",,,
ENSG00000174123,4,10751,81793,606270,TLR10,B," 4: 38,772,239-38,782,990"," 4: 38,773,860-38,784,611",,,
ENSG00000121895,4,66177,80008,NA,TMEM156,B," 4: 38,966,744-39,032,922"," 4: 38,968,365-39,034,542",,,
ENSG00000074966,4,67863,7294,600058,TXK,F," 4: 48,066,393-48,134,256"," 4: 48,068,410-48,136,273",,,
ENSG00000214944,5,315835,64283,612790,ARHGEF28,B," 5: 73,626,158-73,941,993"," 5: 72,921,983-73,237,818",,,
ENSG00000153113,5,249774,831,114090,CAST,B," 5: 96,525,267-96,779,595"," 5: 95,860,971-96,115,299",,,
ENSG00000006837,5,165433,51265,608459,CDKL3,B," 5: 134,286,350-134,371,047"," 5: 133,541,305-133,706,738",,,
ENSG00000153922,5,71332,1105,602118,CHD1,B," 5: 98,853,985-98,928,957"," 5: 98,190,908-98,262,240",,,
ENSG00000151422,5,449019,2241,176942,FER,F," 5: 108,747,822-109,196,841"," 5: 108,083,523-108,532,542",,,
ENSG00000160867,5,11258,2264,134935,FGFR4,C," 5: 177,086,886-177,098,144"," 5: 176,513,887-176,525,145",,,
ENSG00000112972,5,24117,3157,142940,HMGCS1,B," 5: 43,289,395-43,313,512"," 5: 43,289,497-43,313,614",,,
ENSG00000113263,5,112257,3702,186973,ITK,F," 5: 157,142,933-157,255,191"," 5: 156,569,944-156,682,201",,,
ENSG00000213316,5,2667,4056,246530,LTC4S,B," 5: 179,793,980-179,796,647"," 5: 179,220,981-179,223,648",,,
ENSG00000161021,5,63661,9794,605424,MAML1,B," 5: 179,732,850-179,796,511"," 5: 179,159,851-179,223,512",,,
ENSG00000165671,5,167190,64324,606681,NSD1,"F, H"," 5: 177,133,025-177,300,215"," 5: 176,560,026-176,727,216",,,
ENSG00000131183,5,19613,6569,182309,SLC34A1,"E, C"," 5: 177,379,235-177,398,848"," 5: 176,806,236-176,825,849",,,
ENSG00000113739,5,14790,8614,603665,STC2,A," 5: 173,314,713-173,329,503"," 5: 172,741,716-172,756,506",,,
ENSG00000178913,5,2273,6879,600573,TAF7,"F, G, A "," 5: 141,260,225-141,320,821"," 5: 140,698,057-140,700,330",,,
ENSG00000085231,5,19029,6880,600822,TAF9,F," 5: 69,350,984-69,370,013"," 5: 68,646,811-68,665,840",,,
ENSG00000087206,5,117628,51720,609433,UIMC1,"F, H "," 5: 176,905,005-177,022,633"," 5: 176,332,006-176,449,634",,,
ENSG00000049618,6,431338,57492,614556,ARID1B,F," 6: 156,777,374-157,210,779"," 6: 157,099,063-157,531,913",,,
ENSG00000198087,6,149474,23607,604241,CD2AP,B," 6: 47,477,789-47,627,263"," 6: 47,445,525-47,594,999",,,
ENSG00000213066,6,43236,11116,605392,FGFR1OP,C," 6: 166,999,182-167,052,713"," 6: 167,412,670-167,466,201",,,
ENSG00000111816,6,119228,2444,606573,FRK,F," 6: 115,931,149-116,060,758"," 6: 116,252,312-116,381,921",,,
ENSG00000010810,6,213120,2534,137025,FYN,F," 6: 111,660,332-111,873,452"," 6: 111,981,535-112,194,655",,,
ENSG00000010818,6,193734,3097,143054,HIVEP2,B," 6: 142,751,467-142,945,201"," 6: 143,072,604-143,266,338",,,
ENSG00000137309,6,9358,3159,600701,HMGA1,"F, H"," 6: 34,236,873-34,246,231"," 6: 34,204,650-34,214,008",,,
ENSG00000165097,6,68524,221656,613081,KDM1B,B," 6: 18,155,329-18,223,853"," 6: 18,155,560-18,224,084",,,
ENSG00000111885,6,172552,4121,604344,MAN1A1,B," 6: 119,177,209-119,349,761"," 6: 119,498,374-119,670,926",,,
ENSG00000135341,6,73472,6885,602614,MAP3K7,F," 6: 90,513,573-90,587,045"," 6: 91,223,292-91,296,764",,,
ENSG00000164430,6,38761,115004,613973,MB21D1,B," 6: 73,413,515-73,452,276"," 6: 74,123,238-74,161,999",,,
ENSG00000130024,6,20150,55274,613069,PHF10,F," 6: 169,703,905-169,725,566"," 6: 170,104,001-170,124,151",,,
ENSG00000112245,6,61826,7803,601585,PTP4A1,B," 6: 63,521,761-63,583,587"," 6: 64,231,666-64,293,492",,,
ENSG00000124813,6,336192,860,600211,RUNX2,D," 6: 45,328,157-45,664,349"," 6: 45,295,894-45,632,086",,,
ENSG00000204231,6,7265,6257,180246,RXRB,"F, H, A"," 6: 33,193,588-33,200,688"," 6: 33,161,365-33,168,630",,,
ENSG00000021355,6,9674,1992,130135,SERPINB1,B," 6: 2,832,332-2,842,006"," 6: 2,832,566-2,842,240",,,
ENSG00000198818,6,22863,113402,NA,SFT2D1,B," 6: 166,319,728-166,342,591"," 6: 166,733,216-166,756,079",,,
ENSG00000196284,6,568636,8464,602947,SUPT3H,F," 6: 44,809,317-45,377,953"," 6: 44,777,054-45,345,690",,,
ENSG00000064995,6,10311,6882,600772,TAF11,"F, G, A "," 6: 34,877,778-34,888,089"," 6: 34,845,555-34,855,866",,,
ENSG00000137413,6,36948,129685,100740;609514,TAF8,F," 6: 42,050,513-42,087,461"," 6: 42,018,251-42,055,199",,,
ENSG00000112592,6,18568,6908,600075,TBP,F," 6: 170,554,302-170,572,870"," 6: 170,863,390-170,881,958",,,
ENSG00000232810,6,2769,7124,191160,TNF,A," 6: 31,575,567-31,578,336"," 6: 31,543,344-31,546,113",,,
ENSG00000112343,6,22318,10475,NA,TRIM38,B," 6: 25,962,802-25,991,226"," 6: 25,963,030-25,987,384",,,
ENSG00000188994,6,111363,23036,NA,ZNF292,B," 6: 87,152,833-87,264,196"," 6: 87,862,551-87,973,914",,,
ENSG00000077080,7,13364,51412,612458,ACTL6B,F," 7: 100,643,097-100,656,461"," 7: 100,240,720-100,254,084",,,
ENSG00000009954,7,81880,9031,605681,BAZ1B,"F, G, A "," 7: 73,440,398-73,522,278"," 7: 72,854,728-72,936,608",,,
ENSG00000164649,7,45184,55536,609685,CDCA7L,B," 7: 21,900,900-21,946,084"," 7: 21,940,518-21,985,702",,,
ENSG00000105810,7,231673,1021,603368,CDK6,B," 7: 92,604,921-92,836,594"," 7: 92,234,235-92,465,908",,,
ENSG00000157224,7,129681,9069,611232,CLDN12,E," 7: 90,383,721-90,513,402"," 7: 90,013,035-90,142,716",,,
ENSG00000160868,7,27284,1576,124010,CYP3A4,A," 7: 99,756,960-99,784,265"," 7: 99,354,604-99,381,888",,,
ENSG00000157240,7,4340,8321,603408,FZD1,A," 7: 91,264,364-91,271,326"," 7: 90,893,783-90,898,123",,,
ENSG00000064393,7,231261,28996,606868,HIPK2,B," 7: 139,561,570-139,777,778"," 7: 139,246,316-139,477,577",,,
ENSG00000185811,7,129079,10320,603023,IKZF1,B," 7: 50,304,124-50,405,101"," 7: 50,343,720-50,472,799",,,
ENSG00000186480,7,12459,3638,602055,INSIG1,B," 7: 155,297,776-155,310,235"," 7: 155,089,486-155,101,945",,,
ENSG00000105854,7,30335,5445,602447,PON2,B," 7: 95,404,863-95,435,329"," 7: 95,034,175-95,064,510",,,
ENSG00000128563,7,62804,79706;100630923 ,NA,PRKRIP1,B," 7: 102,363,872-102,426,676"," 7: 102,004,319-102,067,123",,,
ENSG00000082014,7,39132,6604,601737,SMARCD3,F," 7: 151,238,764-151,277,896"," 7: 150,935,850-150,974,982",,,
ENSG00000075142,7,21875,6717,182520,SRI,B," 7: 88,205,118-88,226,993"," 7: 87,834,433-87,856,308",,,
ENSG00000106290,7,12771,6878,602955,TAF6,F," 7: 100,107,070-100,119,841"," 7: 99,704,693-99,717,464",,,
ENSG00000135185,7,24427,79161,NA,TMEM243,B," 7: 87,196,160-87,220,587"," 7: 86,825,478-86,849,903",,,
ENSG00000122779,7,129659,8805,603406,TRIM24,"F, G, A "," 7: 138,460,334-138,589,993"," 7: 138,145,079-138,274,738",,,
ENSG00000127412,7,25638,56302,606679,TRPV5,C," 7: 142,908,101-142,933,808"," 7: 142,605,267-142,630,905",,,
ENSG00000165125,7,14551,55503,606680,TRPV6,E," 7: 142,871,203-142,885,762"," 7: 142,568,956-142,583,507",,,
ENSG00000196367,7,135310,8295,603015,TRRAP,F," 7: 98,877,933-99,013,243"," 7: 98,475,556-98,610,866",,,
ENSG00000214102,7,22918,494551,614084,WEE2,F," 7: 141,708,353-141,731,271"," 7: 141,408,153-141,431,071",,,
ENSG00000147576,8,41416,137872,611083,ADHFE1,B," 8: 66,430,185-66,471,601"," 8: 67,342,420-67,383,836",,,
ENSG00000136573,8,70603,640,191305,BLK,F," 8: 11,494,001-11,564,604"," 8: 11,351,510-11,422,113",,,
ENSG00000104765,8,122738,665,605368,BNIP3L,B," 8: 26,382,898-26,505,636"," 8: 26,240,414-26,363,152",,,
ENSG00000104327,8,36867,793,114050,CALB1,"C, A"," 8: 90,058,608-90,095,475"," 8: 91,070,836-91,107,703",,,
ENSG00000171316,8,188128,55636,608892,CHD7,B," 8: 60,678,778-60,868,028"," 8: 61,591,337-61,779,465",,,
ENSG00000120533,8,11629,56943,NA,ENY2,F," 8: 109,334,324-109,345,953"," 8: 110,346,553-110,358,182",,,
ENSG00000079459,8,43736,2222,184420,FDFT1,B," 8: 11,795,573-11,839,309"," 8: 11,653,082-11,696,818",,,
ENSG00000077782,8,57696,2260,136350,FGFR1,C," 8: 38,411,138-38,468,834"," 8: 38,268,656-38,326,352",,,
ENSG00000168453,8,18969,55806,602302,HR,A," 8: 22,114,415-22,133,384"," 8: 21,971,928-21,990,897",,,
ENSG00000154359,8,34179,91694,NA,LONRF1,B," 8: 12,721,894-12,756,073"," 8: 12,579,403-12,613,582",,,
ENSG00000254087,8,131567,4067,165120,LYN,F," 8: 55,879,813-56,014,168"," 8: 56,792,372-56,923,940",,,
ENSG00000164758,8,19549,90390,610237,MED30,"F, G, A "," 8: 117,520,713-117,540,262"," 8: 118,532,952-118,552,501",,,
ENSG00000147813,8,3864,93100,611552,NAPRT1,A," 8: 143,574,785-143,578,649"," 8: 144,656,955-144,660,819",,,
ENSG00000076641,8,141777,55824,605767,PAG1,F," 8: 80,967,810-81,112,068"," 8: 81,880,045-82,024,303",,,
ENSG00000205268,8,124812,5150,171885,PDE7A,B," 8: 65,717,510-65,842,322"," 8: 66,629,745-66,754,557",,,
ENSG00000169398,8,344316,5747,600758,PTK2,F," 8: 140,657,900-141,002,216"," 8: 141,667,999-142,012,315",,,
ENSG00000120899,8,147904,2185,601212,PTK2B,F," 8: 27,311,482-27,459,391"," 8: 27,168,999-27,316,903",,,
ENSG00000104312,8,33316,8767,603455,RIPK2,"F, B "," 8: 89,757,747-89,791,063"," 8: 90,769,975-90,803,291",,,
ENSG00000104332,8,47535,6422,604156,SFRP1,A," 8: 41,261,958-41,309,497"," 8: 41,119,481-41,167,016",,,
ENSG00000182319,8,68762,,NA,SGK223,F," 8: 8,317,736-8,386,498"," 8: 8,175,258-8,244,008",,,
ENSG00000019549,8,4050,6591,602150,SNAI2,"F, G, A "," 8: 48,917,690-48,921,740"," 8: 49,830,249-49,834,299",,,
ENSG00000104549,8,23786,6713,602019,SQLE,B," 8: 124,998,497-125,022,283"," 8: 126,010,739-126,034,525",,,
ENSG00000159167,8,12892,6781,601185,STC1,A," 8: 23,841,915-23,854,807"," 8: 23,699,428-23,712,320",,,
ENSG00000064313,8,102088,6873,604912,TAF2,F," 8: 119,730,775-119,832,863"," 8: 120,743,015-120,845,103",,,
ENSG00000173334,8,8084,10221,609461,TRIB1,B," 8: 125,430,321-125,438,405"," 8: 126,442,563-126,450,647",,,
ENSG00000215114,8,40237,137886,610686,UBXN2B,B," 8: 58,411,264-58,451,501"," 8: 59,323,823-59,364,060",,,
ENSG00000178764,8,193117,22882,609185,ZHX2,B," 8: 122,781,394-122,974,512"," 8: 123,793,633-123,986,750",,,
ENSG00000097007,9,173729,25,189980,ABL1,F," 9: 130,713,946-130,887,675"," 9: 133,589,333-133,763,062",,,
ENSG00000165272,9,6457,360,600170,AQP3,A," 9: 33,441,154-33,447,611"," 9: 33,441,152-33,447,609",,,
ENSG00000155621,9,74544,138241,NA,C9orf85,B," 9: 71,911,510-71,986,054"," 9: 74,526,426-74,600,970",,,
ENSG00000120217,9,20063,29126,605402,CD274,B," 9: 5,450,503-5,470,566"," 9: 5,450,503-5,470,566",,,
ENSG00000107223,9,4167,8721,605107,EDF1,F," 9: 136,862,119-136,866,286"," 9: 139,756,571-139,760,738",,,
ENSG00000122694,9,27178,152007,607141,GLIPR2,B," 9: 36,136,536-36,163,913"," 9: 36,136,732-36,163,910",,,
ENSG00000096968,9,143150,3717,147796,JAK2,F," 9: 4,984,390-5,128,183"," 9: 4,985,033-5,128,183",,,
ENSG00000165304,9,104819,9833,607025,MELK,F," 9: 36,572,862-36,677,683"," 9: 36,572,859-36,677,678",,,
ENSG00000196092,9,200831,5079,167414,PAX5,B," 9: 36,833,275-37,034,185"," 9: 36,833,272-37,034,103",,,
ENSG00000107242,9,303517,8395,602745,PIP5K1B,B," 9: 68,705,414-69,009,176"," 9: 71,320,575-71,624,092",,,
ENSG00000148229,9,3437,54107,607267,POLE3,F," 9: 113,407,235-113,410,672"," 9: 116,169,515-116,172,952",,,
ENSG00000187024,9,11380,138428,NA,PTRH1,C," 9: 127,692,978-127,724,873"," 9: 130,455,257-130,487,152",,,
ENSG00000186350,9,123487,6256,180245,RXRA,"F, H, G, A"," 9: 134,317,098-134,440,585"," 9: 137,208,944-137,332,431",,,
ENSG00000080503,9,178282,6595,600014,SMARCA2,F," 9: 1,980,290-2,193,624"," 9: 2,015,342-2,193,624",,,
ENSG00000148158,9,130833,401548,NA,SNX30,B," 9: 112,750,838-112,881,671"," 9: 115,513,118-115,643,951",,,
ENSG00000165025,9,96762,6850,600085,SYK,F," 9: 90,801,787-90,898,549"," 9: 93,564,069-93,660,831",,,
ENSG00000122728,9,6215,138474,607798,TAF1L,F," 9: 32,629,454-32,635,669"," 9: 32,629,452-32,635,667",,,
ENSG00000197969,9,244188,23230,605978,VPS13A,B," 9: 77,177,353-77,421,541"," 9: 79,792,269-80,036,457",,,
ENSG00000176171,10,13857,664,603293,BNIP3,B," 10: 131,966,455-131,982,013"," 10: 133,781,578-133,795,435",,,
ENSG00000107611,10,305867,8029,602997,CUBN,A," 10: 16,823,964-17,129,831"," 10: 16,865,963-17,171,830",,,
ENSG00000095596,10,4415,1592,602239,CYP26A1,A," 10: 93,073,475-93,077,890"," 10: 94,833,232-94,837,647",,,
ENSG00000187553,10,7433,340665,608428,CYP26C1,A," 10: 93,060,808-93,069,536"," 10: 94,821,021-94,828,454",,,
ENSG00000168209,10,2116,54541,607729,DDIT4,B," 10: 72,273,920-72,276,036"," 10: 74,033,678-74,035,794",,,
ENSG00000198018,10,46734,57089,NA,ENTPD7,B," 10: 99,659,506-99,706,240"," 10: 101,419,263-101,465,997",,,
ENSG00000185745,10,11442,3434,147690,IFIT1,B," 10: 89,392,546-89,406,486"," 10: 91,152,303-91,163,745",,,
ENSG00000151151,10,76416,253430,609851,IPMK,B," 10: 58,191,517-58,267,934"," 10: 59,951,278-60,027,694",,,
ENSG00000150093,10,105473,3688,135630,ITGB1,A," 10: 32,900,319-33,005,792"," 10: 33,189,247-33,294,720",,,
ENSG00000151657,10,34802,22944,601720,KIN,B," 10: 7,750,962-7,787,981"," 10: 7,792,925-7,829,990",,,
ENSG00000077150,10,8414,4791,164012,NFKB2,B," 10: 102,394,110-102,402,529"," 10: 104,153,867-104,162,281",,,
ENSG00000150593,10,28199,27250;100616113 ,608610,PDCD4,B," 10: 110,871,795-110,900,006"," 10: 112,631,565-112,659,764",,,
ENSG00000107679,10,57655,59338,607772,PLEKHA1,B," 10: 122,374,696-122,442,602"," 10: 124,134,212-124,191,867",,,
ENSG00000197746,10,35071,5660,176801,PSAP,B," 10: 71,816,298-71,851,375"," 10: 73,576,055-73,611,126",,,
ENSG00000122862,10,16705,5552,177040,SRGN,B," 10: 69,088,106-69,104,811"," 10: 70,847,862-70,864,567",,,
ENSG00000165632,10,198123,83860,606576,TAF3,F," 10: 7,818,504-8,016,627"," 10: 7,860,467-8,058,590",,,
ENSG00000148835,10,21098,6877,601787,TAF5,F," 10: 103,367,967-103,389,065"," 10: 105,127,724-105,148,822",,,
ENSG00000176697,11,67165,627,113505,BDNF,A," 11: 27,654,893-27,722,058"," 11: 27,676,440-27,743,605",,,
ENSG00000186104,11,14245,120227,608713,CYP2R1,A," 11: 14,877,440-14,892,252"," 11: 14,899,553-14,913,798",,,
ENSG00000172893,11,24675,1717,602858,DHCR7,B," 11: 71,428,193-71,452,868"," 11: 71,139,239-71,163,914",,,
ENSG00000149485,11,29691,3992;100302263,606148,FADS1,B," 11: 61,799,625-61,829,318"," 11: 61,567,099-61,596,790",,,
ENSG00000134824,11,74374,9415,606149,FADS2,B," 11: 61,792,980-61,867,354"," 11: 61,560,452-61,634,826",,,
ENSG00000256269,11,8683,3145,609806,HMBS,A," 11: 119,084,866-119,093,549"," 11: 118,955,576-118,964,259",,,
ENSG00000185885,11,1766,8519,604456,IFITM1,B," 11: 313,506-315,272"," 11: 313,506-315,272",,,
ENSG00000162337,11,136666,4041,603506,LRP5,D," 11: 68,312,609-68,449,275"," 11: 68,080,077-68,216,743",,,
ENSG00000042429,11,30468,9440,603810,MED17,"F, G, A "," 11: 93,784,227-93,814,695"," 11: 93,517,393-93,547,861",,,
ENSG00000152266,11,4126,5741,168450,PTH,C," 11: 13,492,055-13,496,181"," 11: 13,513,602-13,517,728",,,
ENSG00000134955,11,26168,219855,NA,SLC37A2,B," 11: 125,063,067-125,090,312"," 11: 124,932,963-124,959,131",,,
ENSG00000166337,11,6372,6881,600475,TAF10,F," 11: 6,606,296-6,612,667"," 11: 6,627,526-6,633,898",,,
ENSG00000162227,11,16039,10629,602946,TAF6L,F," 11: 62,771,303-62,787,342"," 11: 62,538,775-62,554,814",,,
ENSG00000166483,11,19776,7465,193525,WEE1,F," 11: 9,573,681-9,593,457"," 11: 9,595,228-9,615,004",,,
ENSG00000173208,12,69718,225,601081,ABCD2,B," 12: 39,550,033-39,619,751"," 12: 39,943,835-40,013,553",,,
ENSG00000070961,12,121249,490,108731,ATP2B1,E," 12: 89,588,049-89,709,300"," 12: 89,981,828-90,103,077",,,
ENSG00000110848,12,8415,969,107273,CD69,B," 12: 9,752,486-9,760,901"," 12: 9,905,082-9,913,497",,,
ENSG00000111012,12,4917,1594,609506,CYP27B1,"F, C, G, A"," 12: 57,762,334-57,768,986"," 12: 58,156,117-58,162,769",,,
ENSG00000102189,12,158694,8411,605070,EEA1,B," 12: 92,770,637-92,929,331"," 12: 93,164,413-93,323,107",,,
ENSG00000139146,12,46474,58516,615027,FAM60A,B," 12: 31,280,584-31,327,058"," 12: 31,433,518-31,479,992",,,
ENSG00000064763,12,191877,55711,NA,FAR2,B," 12: 29,149,103-29,340,980"," 12: 29,302,036-29,493,913",,,
ENSG00000118972,12,11501,8074,605380,FGF23,A," 12: 4,368,227-4,379,728"," 12: 4,477,393-4,488,894",,,
ENSG00000118972,12,11501,8074,605380,FGF23,"D, C"," 12: 4,368,227-4,379,728"," 12: 4,477,393-4,488,894",,,
ENSG00000111790,12,28267,26127,608858,FGFR1OP2,C," 12: 26,938,383-26,966,650"," 12: 27,091,316-27,119,583",,,
ENSG00000166225,12,109433,10818,607743,FRS2,B," 12: 69,470,349-69,579,789"," 12: 69,864,129-69,973,562",,,
ENSG00000111537,12,4979,3458,147570,IFNG,A," 12: 68,154,768-68,159,747"," 12: 68,548,548-68,553,527",,,
ENSG00000196498,12,243174,9612,600848,NCOR2,"F, H"," 12: 124,324,415-124,567,589"," 12: 124,808,961-125,052,135",,,
ENSG00000012504,12,90705,9971,603826,NR1H4,"F, H"," 12: 100,473,708-100,564,413"," 12: 100,867,486-100,958,191",,,
ENSG00000111247,12,21264,10635,603070,RAD51AP1,B," 12: 4,538,798-4,560,048"," 12: 4,647,950-4,669,214",,,
ENSG00000172819,12,22410,5916,180190,RARG,"F, H "," 12: 53,210,567-53,232,980"," 12: 53,604,354-53,626,764",,,
ENSG00000136021,12,74584,55681,NA,SCYL2,B," 12: 100,267,140-100,341,724"," 12: 100,660,918-100,735,502",,,
ENSG00000139613,12,26584,6601,601734,SMARCC2,F," 12: 56,162,983-56,189,567"," 12: 56,556,767-56,583,351",,,
ENSG00000066117,12,15740,6602,601735,SMARCD1,F," 12: 50,084,972-50,100,712"," 12: 50,478,755-50,494,495",,,
ENSG00000060140,12,55379,55359,611433,STYK1,F," 12: 10,618,939-10,674,318"," 12: 10,771,538-10,826,917",,,
ENSG00000135426,12,36728,9840,NA,TESPA1,B," 12: 54,948,018-54,984,746"," 12: 55,341,802-55,378,530",,,
ENSG00000111424,12,101511,7421,601769,VDR,"F, H, B, G, A"," 12: 47,841,537-47,943,048"," 12: 48,235,320-48,336,831",,,
ENSG00000139722,12,31109,79720,610037,VPS37B,B," 12: 122,865,328-122,896,444"," 12: 123,349,882-123,380,991",,,
ENSG00000133106,13,105883,94240,607441,EPSTI1,B," 13: 42,886,388-42,992,271"," 13: 43,460,524-43,566,407",,,
ENSG00000133116,13,50075,9365,604824,KL,"C, A"," 13: 33,016,433-33,066,145"," 13: 33,590,207-33,640,282",,,
ENSG00000139793,13,172686,10150,607327,MBNL2,B," 13: 97,221,434-97,394,120"," 13: 97,873,688-98,046,374",,,
ENSG00000136146,13,41808,29079,605718,MED4,"F, G, A "," 13: 48,053,323-48,095,131"," 13: 48,627,459-48,669,267",,,
ENSG00000139687,13,178235,5925,614041,RB1,F," 13: 48,303,751-48,481,986"," 13: 48,877,887-49,056,122",,,
ENSG00000182957,13,341330,221178,613324,SPATA13,B," 13: 23,979,805-24,307,074"," 13: 24,553,944-24,881,212",,,
ENSG00000102710,13,50401,55578,613417,SUPT20H,F," 13: 37,009,312-37,059,713"," 13: 37,583,449-37,633,850",,,
ENSG00000120659,13,45277,8600,602642,TNFSF11,D," 13: 42,562,736-42,608,013"," 13: 43,136,872-43,182,149",,,
ENSG00000179476,14,9962,122525,NA,C14orf28,B," 14: 44,897,295-44,907,257"," 14: 45,366,498-45,376,460",,,
ENSG00000165959,14,131508,79789,611121,CLMN,B," 14: 95,181,940-95,319,906"," 14: 95,648,277-95,786,243",,,
ENSG00000100592,14,182759,23002,606626,DAAM1,B," 14: 59,188,646-59,371,405"," 14: 59,655,364-59,838,123",,,
ENSG00000205683,14,274805,8110,601672,DPF3,F," 14: 72,619,296-72,894,116"," 14: 73,086,004-73,360,809",,,
ENSG00000100644,14,52745,3091,603348,HIF1A,B," 14: 61,695,513-61,748,259"," 14: 62,162,231-62,214,976",,,
ENSG00000100600,14,44895,5641,602620,LGMN,"B, A"," 14: 92,703,807-92,748,702"," 14: 93,170,152-93,215,047",,,
ENSG00000151332,14,22112,51562,609431,MBIP,F," 14: 36,298,558-36,320,676"," 14: 36,767,770-36,789,882",,,
ENSG00000100906,14,3238,4792,164008,NFKBIA,B," 14: 35,401,511-35,404,749"," 14: 35,870,717-35,873,955",,,
ENSG00000100614,14,53335,5494,606108,PPM1A,B," 14: 60,245,752-60,299,087"," 14: 60,712,470-60,765,805",,,
ENSG00000169413,14,1416,6039,601981,RNASE6,B," 14: 20,781,051-20,782,467"," 14: 21,249,210-21,250,626",,,
ENSG00000100603,14,43608,22938,603055,SNW1,"F, G "," 14: 77,717,599-77,761,207"," 14: 78,183,942-78,227,550",,,
ENSG00000103653,15,21141,1445,124095,CSK,F," 15: 74,782,057-74,803,198"," 15: 75,074,398-75,095,539",,,
ENSG00000140459,15,29981,1583,118485,CYP11A1,A," 15: 74,337,759-74,367,740"," 15: 74,630,100-74,660,081",,,
ENSG00000137869,15,130553,1588,107910,CYP19A1,B," 15: 51,208,057-51,338,610"," 15: 51,500,254-51,630,807",,,
ENSG00000140465,15,6068,1543,108330,CYP1A1,A," 15: 74,719,542-74,725,610"," 15: 75,011,883-75,017,951",,,
ENSG00000104047,15,24156,56986,NA,DTWD1,B," 15: 49,620,980-49,656,232"," 15: 49,913,177-49,937,333",,,
ENSG00000140598,15,132533,79631,NA,EFTUD1,B," 15: 82,130,220-82,262,763"," 15: 82,422,571-82,555,104",,,
ENSG00000182511,15,12081,2242,190030,FES,F," 15: 90,883,695-90,895,776"," 15: 91,426,925-91,439,006",,,
ENSG00000182054,15,19459,3418,147650,IDH2,B," 15: 90,083,045-90,102,504"," 15: 90,626,277-90,645,736",,,
ENSG00000169926,15,108810,51621,605328,KLF13,B," 15: 31,326,855-31,435,665"," 15: 31,619,058-31,727,868",,,
ENSG00000103642,15,20261,114294,608440,LACTB,B," 15: 63,121,800-63,142,061"," 15: 63,413,999-63,434,260",,,
ENSG00000173517,15,319488,79834,614248,PEAK1,F," 15: 77,100,656-77,420,144"," 15: 77,400,471-77,712,486",,,
ENSG00000137868,15,32801,64220,610745,STRA6,A," 15: 74,179,466-74,212,267"," 15: 74,471,807-74,504,608",,,
ENSG00000196296,16,26104,487,108730,ATP2A1,C," 16: 28,878,405-28,904,509"," 16: 28,889,726-28,915,830",,,
ENSG00000064270,16,95660,9914,613082,ATP2C2,E," 16: 84,368,527-84,464,187"," 16: 84,402,133-84,497,793",,,
ENSG00000176476,16,37875,112869,613374,CCDC101,F," 16: 28,553,928-28,591,790"," 16: 28,565,236-28,603,111",,,
ENSG00000102962,16,7418,6367,602957,CCL22,B," 16: 57,358,772-57,366,190"," 16: 57,392,684-57,400,102",,,
ENSG00000005339,16,155672,1387,600140,CREBBP,F," 16: 3,725,054-3,880,726"," 16: 3,775,055-3,930,727",,,
ENSG00000039523,16,28370,79567,NA,FAM65A,B," 16: 67,518,418-67,546,788"," 16: 67,552,321-67,580,691",,,
ENSG00000140968,16,23806,3394,601565,IRF8,B," 16: 85,898,803-85,922,609"," 16: 85,932,409-85,956,215",,,
ENSG00000176842,16,3623,10265,606195,IRX5,A," 16: 54,930,862-54,934,485"," 16: 54,964,774-54,968,397",,,
ENSG00000140853,16,94046,84166,613537,NLRC5,B," 16: 56,989,485-57,083,531"," 16: 57,023,397-57,117,443",,,
ENSG00000080603,16,46072,10847,611421,SRCAP,F," 16: 30,698,209-30,741,409"," 16: 30,709,530-30,755,602",,,
ENSG00000048462,16,2961,608,109545,TNFRSF17,B," 16: 11,965,107-11,968,068"," 16: 12,058,964-12,061,925",,,
ENSG00000153066,16,63798,51061,NA,TXNDC11,B," 16: 11,679,080-11,742,878"," 16: 11,772,936-11,836,734",,,
ENSG00000122299,16,46681,29066,NA,ZC3H7A,B," 16: 11,750,586-11,797,267"," 16: 11,844,442-11,891,123",,,
ENSG00000185947,16,43589,10308,604752,ZNF267,B," 16: 31,873,758-31,917,357"," 16: 31,885,079-31,928,668",,,
ENSG00000087152,17,8308,56970,NA,ATXN7L3,F," 17: 44,191,805-44,200,113"," 17: 42,269,173-42,277,481",,,
ENSG00000129277,17,2031,6351;101060278,182284,CCL4,B," 17: 36,103,590-36,105,621"," 17: 34,430,983-34,433,014",,,
ENSG00000205020,17,1970,9560;388372 ,603782;610757,CCL4L1,B," 17: 36,210,908-36,212,870"," 17: 34,538,310-34,540,280",,,
ENSG00000197262,17,2053,388372;9560,603782;610757,CCL4L2,B," 17: 36,210,924-36,212,878"," 17: 34,639,793-34,641,846",,,
ENSG00000161570,17,9302,6352,187011,CCL5,A," 17: 35,871,491-35,880,793"," 17: 34,198,495-34,207,797",,,
ENSG00000180340,17,1982,2535,600667,FZD2,A," 17: 44,557,459-44,559,570"," 17: 42,634,925-42,636,907",,,
ENSG00000120063,17,46124,10672,604406,GNA13,B," 17: 65,010,715-65,056,839"," 17: 63,006,833-63,052,957",,,
ENSG00000108773,17,8250,2648,602301,KAT2A,F," 17: 42,113,108-42,121,358"," 17: 40,265,126-40,273,376",,,
ENSG00000125686,17,47001,5469,604311,MED1,"F, G, A "," 17: 39,404,285-39,451,286"," 17: 37,560,538-37,607,539",,,
ENSG00000108510,17,122677,9969,603808,MED13,"F, B, G, A"," 17: 61,942,605-62,065,282"," 17: 60,019,966-60,142,643",,,
ENSG00000008838,17,42118,9862,607000,MED24,"F, G, A "," 17: 40,019,097-40,061,215"," 17: 38,175,350-38,217,468",,,
ENSG00000141027,17,189028,9611,600849,NCOR1,"F, H"," 17: 16,029,157-16,218,185"," 17: 15,932,471-16,121,499",,,
ENSG00000108370,17,90272,8787,604067,RGS9,B," 17: 65,100,812-65,227,703"," 17: 63,133,549-63,223,821",,,
ENSG00000161929,17,25899,388325,614406,SCIMP,E," 17: 5,208,961-5,234,860"," 17: 5,112,256-5,138,155",,,
ENSG00000108932,17,24241,9120,603880,SLC16A6,B," 17: 68,267,026-68,291,267"," 17: 66,263,167-66,287,408",,,
ENSG00000108604,17,10981,6603,601736,SMARCD2,F," 17: 63,832,081-63,843,065"," 17: 61,909,444-61,920,425",,,
ENSG00000073584,17,23546,6605,603111,SMARCE1,F," 17: 40,624,962-40,648,508"," 17: 38,781,214-38,804,760",,,
ENSG00000108264,17,72870,6871,602276,TADA2A,F," 17: 37,406,874-37,479,730"," 17: 35,766,965-35,839,835",,,
ENSG00000174292,17,9240,8711,608076,TNK1,F," 17: 7,380,534-7,389,774"," 17: 7,283,853-7,293,093",,,
ENSG00000141510,17,25759,7157,191170,TP53,F," 17: 7,661,779-7,687,550"," 17: 7,565,097-7,590,856",,,
ENSG00000221926,17,56351,10626,609505,TRIM16,B," 17: 15,627,960-15,684,311"," 17: 15,531,274-15,587,625",,,
ENSG00000124422,17,44163,23326,612116,USP22,F," 17: 20,999,593-21,043,760"," 17: 20,902,910-20,947,073",,,
ENSG00000154832,18,5961,30827,609150,CXXC1,D," 18: 50,282,343-50,288,304"," 18: 47,808,713-47,814,674",,,
ENSG00000175354,18,144165,5771,176887,PTPN2,B," 18: 12,785,478-12,929,643"," 18: 12,785,477-12,929,642",,,
ENSG00000067900,18,162111,6093,601702,ROCK1,B," 18: 20,946,906-21,111,851"," 18: 18,526,867-18,691,812",,,
ENSG00000166401,18,35119,5271,601697,SERPINB8,B," 18: 63,969,925-64,019,779"," 18: 61,637,159-61,672,278",,,
ENSG00000141384,18,165749,6875,601689,TAF4B,F," 18: 26,225,936-26,391,685"," 18: 23,805,900-23,971,649",,,
ENSG00000196628,18,442456,6925,602272,TCF4,F," 18: 55,222,198-55,664,787"," 18: 52,889,562-53,332,018",,,
ENSG00000176105,18,90959,7525,164880,YES1,F," 18: 721,588-812,546"," 18: 721,588-812,547",,,
ENSG00000105369,19,4249,973,112205,CD79A,B," 19: 41,877,120-41,881,372"," 19: 42,381,190-42,385,439",,,
ENSG00000123146,19,28224,976,601211,CD97,B," 19: 14,380,501-14,408,725"," 19: 14,491,313-14,519,537",,,
ENSG00000129355,19,2597,1032,600927,CDKN2D,A," 19: 10,566,462-10,569,059"," 19: 10,677,138-10,679,735",,,
ENSG00000079385,19,53930,634,109770,CEACAM1,D," 19: 42,507,304-42,561,234"," 19: 43,011,456-43,065,386",,,
ENSG00000167670,19,42356,10036,601246,CHAF1A,F," 19: 4,402,662-4,445,018"," 19: 4,402,659-4,445,015",,,
ENSG00000011332,19,18708,8193,601670,DPF1,F," 19: 38,211,006-38,229,714"," 19: 38,701,646-38,720,354",,,
ENSG00000171105,19,181779,3643,147670,INSR,A," 19: 7,112,255-7,294,034"," 19: 7,112,266-7,294,045",,,
ENSG00000105639,19,23291,3718,600173,JAK3,F," 19: 17,824,780-17,848,071"," 19: 17,935,589-17,958,880",,,
ENSG00000171223,19,1814,3726,165161,JUNB,B," 19: 12,791,496-12,793,315"," 19: 12,902,310-12,904,124",,,
ENSG00000104783,19,14724,3783,602754,KCNN4,B," 19: 43,766,533-43,781,257"," 19: 44,270,685-44,285,409",,,
ENSG00000130164,19,44454,3949,606945,LDLR,B," 19: 11,089,362-11,133,816"," 19: 11,200,038-11,244,492",,,
ENSG00000007264,19,24156,4145,600038,MATK,F," 19: 3,777,970-3,802,129"," 19: 3,777,971-3,802,127",,,
ENSG00000175221,19,25257,10025,604062,MED16,"F, G, A "," 19: 867,630-893,218"," 19: 867,962-893,218",,,
ENSG00000104973,19,20534,81857,610197,MED25,"F, H"," 19: 49,818,279-49,838,816"," 19: 50,321,539-50,342,073",,,
ENSG00000099875,19,13773,2872,605069,MKNK2,B," 19: 2,037,465-2,051,244"," 19: 2,037,470-2,051,243",,,
ENSG00000131400,19,7353,9476,605631,NAPSA,B," 19: 50,358,477-50,365,830"," 19: 50,861,734-50,869,087",,,
ENSG00000189430,19,10000,9437,604530,NCR1,F," 19: 54,906,150-54,916,140"," 19: 55,417,508-55,427,508",,,
ENSG00000131408,19,53329,7376,600380,NR1H2,"F, H"," 19: 50,329,653-50,382,982"," 19: 50,832,910-50,886,239",,,
ENSG00000129353,19,42102,57153,606106,SLC44A2,B," 19: 10,602,457-10,644,559"," 19: 10,713,133-10,755,235",,,
ENSG00000118160,19,44151,6543,601901,SLC8A2,A," 19: 47,428,017-47,472,168"," 19: 47,931,274-47,975,425",,,
ENSG00000127616,19,104473,6597,603254,SMARCA4,F," 19: 10,961,001-11,065,395"," 19: 11,071,598-11,176,071",,,
ENSG00000071564,19,43313,6929,147141,TCF3,"F, G, A "," 19: 1,609,290-1,652,605"," 19: 1,609,291-1,652,604",,,
ENSG00000105329,19,52324,7040,190180,TGFB1,A," 19: 41,301,587-41,353,911"," 19: 41,807,492-41,859,816",,,
ENSG00000105397,19,30143,7297,176941,TYK2,F," 19: 10,350,529-10,380,676"," 19: 10,461,209-10,491,352",,,
ENSG00000198440,19,38069,147949,NA,ZNF583,B," 19: 56,397,966-56,436,035"," 19: 56,909,335-56,947,404",,,
ENSG00000196757,19,25705,90592,NA,ZNF700,B," 19: 11,925,068-11,950,773"," 19: 12,035,883-12,061,588",,,
ENSG00000149474,20,50532,57325,NA,CSRP2BP,F," 20: 18,142,224-18,188,387"," 20: 18,118,762-18,169,031",,,
ENSG00000101160,20,12062,1522,603169,CTSZ,B," 20: 58,995,185-59,007,247"," 20: 57,570,240-57,582,302",,,
ENSG00000019186,20,20524,1591,126065,CYP24A1,"F, B, G, A"," 20: 54,153,449-54,173,973"," 20: 52,769,988-52,790,512",,,
ENSG00000101336,20,49668,3055,142370,HCK,F," 20: 32,052,188-32,101,856"," 20: 30,639,991-30,689,659",,,
ENSG00000124151,20,155020,8202,601937,NCOA3,B," 20: 47,501,902-47,656,877"," 20: 46,130,601-46,285,621",,,
ENSG00000198646,20,128730,23054,605299,NCOA6,"F, H"," 20: 34,689,097-34,825,649"," 20: 33,284,722-33,413,452",,,
ENSG00000100979,20,13395,5360,172425,PLTP,A," 20: 45,898,621-45,912,155"," 20: 44,527,399-44,540,794",,,
ENSG00000171867,20,15354,5621,176640,PRNP,B," 20: 4,686,236-4,701,590"," 20: 4,666,882-4,682,236",,,
ENSG00000101213,20,8945,5753,602004,PTK6,F," 20: 63,528,001-63,537,370"," 20: 62,159,778-62,168,723",,,
ENSG00000124216,20,5887,6615,604238,SNAI1,A," 20: 49,982,999-49,988,886"," 20: 48,599,536-48,605,423",,,
ENSG00000197122,20,61365,6714,190090,SRC,F," 20: 37,344,685-37,406,050"," 20: 35,973,088-36,034,453",,,
ENSG00000125508,20,6694,6725,NA,SRMS,F," 20: 63,540,810-63,547,504"," 20: 62,172,163-62,178,857",,,
ENSG00000196562,20,130268,55959,610013,SULF2,B," 20: 47,656,348-47,786,616"," 20: 46,285,092-46,415,360",,,
ENSG00000130699,20,112341,6874;100302168,601796,TAF4,F," 20: 61,953,469-62,065,810"," 20: 60,528,525-60,640,866",,,
ENSG00000159212,21,48837,54102,NA,CLIC6,B," 21: 34,669,389-34,718,227"," 21: 36,041,688-36,090,525",,,
ENSG00000157540,21,148444,1859,600855,DYRK1A,F," 21: 37,365,790-37,517,450"," 21: 38,738,092-38,889,753",,,
ENSG00000180530,21,103765,8204,602490,NRIP1,"F, H"," 21: 14,961,235-15,065,936"," 21: 16,333,556-16,437,321",,,
ENSG00000198743,21,32689,6526,600444,SLC5A3,B," 21: 34,073,570-34,106,262"," 21: 35,445,870-35,478,559",,,
ENSG00000205593,22,15097,414918,NA,DENND6B,B," 22: 50,309,030-50,327,060"," 22: 50,747,459-50,765,489",,,
ENSG00000100393,22,88291,2033,602700,EP300,F," 22: 41,091,786-41,180,079"," 22: 41,487,790-41,576,081",,,
ENSG00000196576,22,32648,23654,604293,PLXNB2,B," 22: 50,274,979-50,307,627"," 22: 50,713,408-50,746,056",,,
ENSG00000128340,22,19187,5880,602049,RAC2,B," 22: 37,225,261-37,244,448"," 22: 37,621,301-37,640,488",,,
ENSG00000099956,22,47553,6598,601607,SMARCB1,F," 22: 23,786,963-23,834,516"," 22: 24,129,150-24,176,703",,,
ENSG00000183864,22,13531,10766,607396,TOB2,"F, G, A "," 22: 41,433,492-41,447,023"," 22: 41,829,496-41,843,027",,,